_date_,h,j,k,wn1,wn2,wn3,x
2000-01-01,0.52288613706690632,0.3861092494877432,1.1648943990340646,0.52288613706690632,0.3861092494877432,1.1648943990340646,0.27347772835459504
2000-02-01,0.75579369702007456,-1.1309582802364198,1.6168706488503868,0.23290755995316824,-1.517067529724163,0.45197624981632224,0.906563334355752
2000-03-01,0.2872062235716936,-2.4603348102206288,1.4362813523727142,-0.46858747344838096,-1.3293765299842092,-0.18058929647767252,0.97170272779347936
2000-04-01,0.88973217243725376,-1.90552579618306,0.98051497881617824,0.60252594886556008,0.55480901403756888,-0.45576637355653608,0.1732501439023466
2000-05-01,0.99483269097284432,-1.8083919397740912,-1.1972295750990152,0.10510051853559058,0.09713385640896872,-2.1777445539151932,0.84220339445432768
2000-06-01,2.1011112136328084,-0.5899923156235256,-1.6249806586634668,1.1062785226599638,1.2183996241505654,-0.4277510835644516,0.66253114732269384
2000-07-01,2.0407903477958892,-1.5752223922261778,-0.70044151370267528,-0.060320865836919048,-0.98523007660265232,0.92453914496079152,0.6376225269343048
2000-08-01,3.0136146963227376,-3.6219644525589896,-0.20203297645592104,0.97282434852684864,-2.0467420603328116,0.49840853724675424,0.46799076880412584
2000-09-01,3.2971355823250512,-3.6486535337825048,-1.6701777941496022,0.28352088600231356,-0.02668908122351542,-1.4681448176936812,0.091003565336537744
2000-10-01,1.0164922025576764,-3.8446084248451552,-0.81747363742547008,-2.2806433797673748,-0.19595489106265068,0.852704156724132,0.37563297711884048
2000-11-01,-0.30485433657387272,-3.0226234036545824,0.034933115632265088,-1.321346539131549,0.82198502119057312,0.8524067530577352,0.35061878308618244
2000-12-01,0.66906912878837568,-4.2275825873738168,1.1909283449165518,0.97392346536224832,-1.204959183719235,1.1559952292842866,0.60117903827694304
2001-01-01,1.545632681007169,-4.0737442382604632,-0.08132204726382808,0.87656355221879328,0.15383834911335404,-1.2722503921803798,0.68160575719533664
2001-02-01,1.9792910216742688,-3.663422100743908,1.174689663571068,0.43365834066709976,0.41032213751655584,1.256011710834896,0.23281931671603884
2001-03-01,1.7300551664223112,-3.7251098332345904,2.4172518147038208,-0.24923585525195748,-0.061687732490682952,1.2425621511327528,0.1868140168067738
2001-04-01,2.8538075722675248,-5.0387682184364904,2.8049975006269956,1.1237524058452136,-1.3136583852019,0.38774568592317512,0.094303461760766544
2001-05-01,3.0507033467799096,-5.3895113143281504,4.5497303365129048,0.19689577451238504,-0.35074309589166068,1.7447328358859088,0.15591412083985178
2001-06-01,3.0936836028653904,-4.8407094018902704,5.1196086704918992,0.04298025608548068,0.54880191243788032,0.56987833397899416,0.20351394194670268
2001-07-01,2.727219245299814,-4.8143057190856104,5.5053787383834184,-0.36646435756557632,0.026403682804660328,0.38577006789152024,0.49098306938639368
2001-08-01,2.7416834494534696,-5.106556205997696,4.7919578479748232,0.014464204153655586,-0.29225048691208476,-0.71342089040859592,0.14565430418754044
2001-09-01,3.4815146913357096,-4.7530151245901088,5.3017278928514496,0.73983124188224,0.35354108140758728,0.50977004487662648,0.7771182442005072
2001-10-01,2.5715837254698616,-5.819023739064784,5.3060049300551488,-0.90993096586584816,-1.066008614474676,0.0042770372036996056,0.289589476229011
2001-11-01,2.3877245101305184,-6.4552647343059336,6.8571471311405856,-0.18385921533934344,-0.63624099524114984,1.5511422010854364,0.56041800706452504
2001-12-01,2.3679435967393468,-6.2042019320507096,5.4816831649831512,-0.019780913391171676,0.25106280225522436,-1.375463966157435,0.098803221587113296
2002-01-01,3.6566269539235424,-7.2411510962240752,6.3861704175139856,1.2886833571841956,-1.0369491641733652,0.90448725253083488,0.39514061003206648
2002-02-01,3.798696603397068,-6.4530743427870344,7.3810973800288336,0.14206964947352602,0.78807675343704128,0.99492696251484784,0.61167069520443152
2002-03-01,3.392511476947306,-6.2325998130662344,7.9232590047180864,-0.40618512644976216,0.22047452972080008,0.54216162468925352,0.32028119386892672
2002-04-01,4.176441762647508,-6.9901245007708136,7.3159567677913632,0.78393028570020224,-0.75752468770457936,-0.607302236926724,0.98725127073109296
2002-05-01,4.0975182159271568,-6.9300217826214968,7.7857591258446096,-0.078923546720351488,0.060102718149317824,0.46980235805324592,0.815805885530428
2002-06-01,3.2269625263129112,-7.6947284613345056,7.1070838879768896,-0.8705556896142456,-0.76470667871300992,-0.67867523786771976,0.28346265121135472
2002-07-01,3.8096922603404624,-7.7555096782384192,7.038780315989268,0.58272973402755104,-0.060781216903912976,-0.0683035719876216,0.36406536662067216
2002-08-01,1.9168463525516192,-7.5608769374247584,6.1655428112815616,-1.8928459077888428,0.19463274081366104,-0.87323750470770656,0.23119161411423848
2002-09-01,2.3507817523034096,-7.2680702580895232,7.3390548409691776,0.43393539975179048,0.29280667933523508,1.1735120296876156,0.21638674969361292
2002-10-01,1.4979670407053854,-8.9558786748360912,5.313516148600104,-0.85281471159802464,-1.687808416746569,-2.0255386923690732,0.10607908067137938
2002-11-01,2.4895651806254432,-10.152775039392088,6.8644514093866536,0.99159813992005792,-1.1968963645559974,1.55093526078655,0.29731759346063404
2002-12-01,3.1033318189219508,-8.8663079616870768,8.3847317835938208,0.6137666382965076,1.2864670777050102,1.5202803742071672,0.24533653744959084
2003-01-01,4.90452911792328,-8.9605546372708608,8.4056308736915136,1.801197299001329,-0.094246675583782128,0.020899090097693612,0.47490710742025776
2003-02-01,5.095609283509616,-8.4050210449502992,9.7091553766150176,0.19108016558633596,0.55553359232056136,1.3035245029235028,0.1546173253402281
2003-03-01,6.2326360847252664,-8.2407871076277488,8.9915629905978112,1.1370268012156504,0.1642339373225501,-0.717592386017206,0.77112480002218912
2003-04-01,7.2785652113341936,-8.0146127314615264,9.3847987702465424,1.0459291266089278,0.2261743761662244,0.3932357796487296,0.71698440492017568
2003-05-01,7.0921627523978536,-8.7508581937956032,8.8599638456550208,-0.18640245893634076,-0.73624546233407776,-0.52483492459152216,0.44077487869635104
2003-06-01,7.024880951186944,-8.8204424258795856,8.3156440916247136,-0.067281801210909696,-0.069584232083983104,-0.54431975403030664,0.80076419308389376
2003-07-01,8.0863930533583888,-9.4738483863424944,8.8969320865563568,1.0615121021714458,-0.65340596046290888,0.5812879949316424,0.071545251550696688
2003-08-01,8.4574332460812816,-6.8216256182039032,8.2347048232477952,0.37104019272289176,2.6522227681385904,-0.66222726330855984,0.53708146559223488
2003-09-01,8.31780199560644,-5.913415551435408,7.832570398947696,-0.13963125047484196,0.90821006676849552,-0.40213442430009968,0.19443151494549292
2003-10-01,5.7436038134850968,-6.1426878595793232,6.8503543151391728,-2.5741981821213432,-0.22927230814391472,-0.98221608380852368,0.10372024761692434
2003-11-01,5.9362354171675824,-5.7235183262084616,7.9205198794462096,0.1926316036824858,0.41916953337086176,1.0701655643070358,0.81015032667150384
2003-12-01,3.7801500469591968,-5.3507525351730904,8.6981906259844096,-2.1560853702083856,0.37276579103537112,0.77767074653819984,0.073319170262066576
2004-01-01,5.632007720251612,-4.3019189292803152,10.17817577337755,1.8518576732924152,1.0488336058927756,1.479985147393141,0.034602815021116172
2004-02-01,7.6274990181640032,-3.9273813674129984,9.4427646833861536,1.9954912979123916,0.37453756186731696,-0.7354110899913968,0.01298244773524626
2004-03-01,7.0187718358276136,-3.7855796490567696,9.2514526022581376,-0.60872718233639024,0.14180171835622942,-0.19131208112801588,0.4688275090824132
2004-04-01,7.9150272306935088,-4.1676590831174,10.956426047703314,0.8962553948658944,-0.3820794340606304,1.7049734454451762,0.18681814894027004
2004-05-01,8.386442585444096,-3.103747363103562,10.150264765977508,0.47141535475058824,1.0639117200138374,-0.80616128172580576,0.98169690516739184
2004-06-01,8.818983295275504,-2.9884110268431864,10.670678898497234,0.43254070983140944,0.11533633626037574,0.52041413251972776,0.67977192361289448
2004-07-01,9.2370654861218336,-3.1262433564367236,10.058298690712608,0.4180821908463284,-0.13783232959353714,-0.61238020778462632,0.14069538864039232
2004-08-01,8.3628295344938832,-3.2985306969926648,9.6542636570539568,-0.87423595162794992,-0.17228734055594092,-0.4040350336586516,0.57169865057549792
2004-09-01,7.0589853115080568,-1.7151283927870628,10.144512392374184,-1.3038442229858264,1.583402304205602,0.49024873532022728,0.37961509343180896
2004-10-01,7.100217938916744,-1.0194380742933918,9.6157589290934704,0.041232627408687936,0.69569031849367112,-0.52875346328071416,0.66050049192756592
2004-11-01,7.8725793484127616,0.3071517919303708,10.491475625983828,0.77236140949601632,1.3265898662237626,0.87571669689035776,0.65557079855183664
2004-12-01,7.2862453656515984,-0.54769096670806952,10.421122874241056,-0.5863339827611628,-0.85484275863844032,-0.070352751742770296,0.56091260947709528
2005-01-01,4.9252120958980848,-0.31220391311278904,11.759534897118594,-2.3610332697535128,0.23548705359528044,1.3384120228775386,0.8470270231860048
2005-02-01,5.401345529425024,-0.96021378916654672,12.07666176024367,0.47613343352693856,-0.6480098760537576,0.31712686312507592,0.072589984169071584
2005-03-01,5.9546718452825264,-0.44854521110895304,13.439327796469856,0.55332631585750192,0.5116685780575936,1.3626660362261848,0.60854365983626144
2005-04-01,6.0279577004816664,0.95184965088909024,11.725155896000734,0.073285855199140096,1.4003948619980434,-1.7141719004691218,0.43492887934159776
2005-05-01,7.1223348890097248,0.729329525589768,11.287552864428516,1.0943771885280582,-0.22252012529932216,-0.437603031572218,0.16232630010350624
2005-06-01,8.2157300666696832,0.019867004229160212,10.038368259332998,1.0933951776599596,-0.70946252136060784,-1.2491846050955186,0.31319127231648048
2005-07-01,8.950956024594192,-0.17048416790807842,11.773704140257906,0.73522595792450656,-0.19035117213723864,1.735335880924907,0.90643686105340592
2005-08-01,10.250850705644,0.55010854649023336,10.993783880754374,1.2998946810498094,0.72059271439831168,-0.7799202595035304,0.3837149387216148
2005-09-01,12.456680885720732,-0.17367979246187304,10.837255083598934,2.205830180076732,-0.7237883389521064,-0.15652879715544068,0.99943405741397424
2005-10-01,12.893528135523052,-0.40402760722353544,10.57089668563638,0.43684724980231912,-0.23034781476166248,-0.26635839796255528,0.73637924483483696
2005-11-01,12.847929623256286,-0.0907091063488748,10.810723102702342,-0.045598512266766576,0.31331850087466068,0.2398264170659636,0.099582599354476768
2005-12-01,13.266204328657854,-0.020927575676999836,10.663166226927276,0.41827470540156712,0.069781530671874968,-0.14755687577506694,0.96471217397567392
2006-01-01,13.93538191307554,-0.21258215674349896,8.7240555340443808,0.66917758441768768,-0.19165458106649912,-1.9391106928828952,0.60797064659690192
2006-02-01,13.94940945501932,-0.49158273730754384,10.114203866261966,0.01402754194377881,-0.27900058056404488,1.3901483322175856,0.7361289279997248
2006-03-01,13.519383735108886,-0.49340364693404296,11.387081100026324,-0.4300257199104344,-0.001820909626499106,1.272877233764358,0.86031367123587648
2006-04-01,15.174241960712408,-0.06458124004986848,10.179116122063492,1.6548582256035222,0.42882240688417448,-1.207964977962831,0.19117151420969104
2006-05-01,16.858228170871086,-0.5692507108223628,11.277835644576318,1.6839862101586774,-0.50466947077249424,1.0987195225128244,0.71984566552551344
2006-06-01,16.754733951582924,0.20470980293559748,12.0827264142551,-0.10349421928816354,0.77396051375796032,0.80489076967878256,0.83500839049209568
2006-07-01,16.555160307142878,1.4582640594639918,11.760713109808858,-0.19957364444004648,1.2535542565283942,-0.32201330444624292,0.23735763487814544
2006-08-01,17.02110509753098,3.2609988600765604,11.961149019840502,0.46594479038810352,1.8027348006125688,0.20043591003164416,0.11487100613631096
2006-09-01,17.478322727712136,3.2572300416088104,12.014630673659962,0.457217630181154,-0.003768818467749976,0.053481653819460416,0.61506521987547872
2006-10-01,17.503125950589042,2.283029148297212,12.25585490593115,0.024803222876905616,-0.97420089331159872,0.24122423227118832,0.011297785794250448
2006-11-01,18.098019926928452,2.5556777368300276,12.832396684570328,0.59489397633940832,0.27264858853281536,0.57654177863917824,0.054460730345888832
2006-12-01,18.60398135292414,2.3747241685586608,12.374555442299298,0.50596142599568816,-0.18095356827136676,-0.4578412422710292,0.73033105565090528
2007-01-01,17.603756557762508,2.0177898325667764,12.230981225984836,-1.000224795161631,-0.35693433599188456,-0.14357421631446168,0.31585714096710248
2007-02-01,16.866886517253608,1.83642712552924,11.468964970251848,-0.7368700405089,-0.18136270703753636,-0.76201625573298752,0.57640643520480776
2007-03-01,18.555143771223064,2.14296186639909,12.82834927204269,1.688257253969456,0.30653474086984976,1.3593843017908424,0.97984798779434512
2007-04-01,18.079378099316944,3.9051950898226016,12.854209036425326,-0.47576567190612136,1.7622332234235114,0.025859764382636132,0.4056038390772796
2007-05-01,17.933432555292388,3.9254425066755784,11.468161540438682,-0.14594554402455682,0.02024741685297694,-1.3860474959866434,0.32955839740747648
2007-06-01,17.19928668004334,4.3292165568867104,10.217474206522694,-0.73414587524904736,0.40377405021113248,-1.250687333915989,0.38083639491853696
2007-07-01,17.405612091494906,5.0991336728166808,12.842411253866242,0.2063254114515642,0.76991711592996992,2.6249370473435484,0.4553605014562856
2007-08-01,18.241905935354708,6.4104824035040736,13.359352199029378,0.83629384385980272,1.3113487306873932,0.51694094516313504,0.70943387082938504
2007-09-01,18.442979322096872,6.512752792761976,12.70687223168365,0.20107338674216116,0.1022703892579025,-0.65247996734572592,0.51707344679784528
2007-10-01,17.062133966249962,6.7061366852734192,12.911817339733174,-1.380845355846908,0.19338389251144308,0.20494510804952372,0.09443347517185896
2007-11-01,15.599128409822982,6.8135171689010008,14.108416375519128,-1.4630055564269798,0.10738048362758152,1.1965990357859544,0.68210309566355496
2007-12-01,14.354383027668298,5.4726669877167168,12.196533456012292,-1.2447453821546856,-1.3408501811842838,-1.9118829195068368,0.41721062094520688
2008-01-01,13.809961531117206,6.6800341431714768,12.700611954986824,-0.54442149655109152,1.2073671554547596,0.50407849897453272,0.14894763957871926
2008-02-01,13.181499151211396,7.0969130914710768,12.620063966517662,-0.62846237990581096,0.41687894829959992,-0.08054798846916096,0.83354767619824656
2008-03-01,12.932326061980836,8.5301423091899936,12.30925011081258,-0.24917308923055952,1.4332292177189172,-0.31081385570508196,0.13452302088108014
2008-04-01,14.957666175774364,8.2877451860776928,10.828451915386462,2.0253401137935264,-0.2423971231123004,-1.480798195426118,0.60279803585877104
2008-05-01,15.16809885084116,8.0234131715112448,9.9841744868612608,0.21043267506679612,-0.26433201456644928,-0.8442774285252032,0.75519213662926624
2008-06-01,15.106479852958972,8.7114221569574096,9.5536652311457568,-0.061618997882189064,0.68800898544616504,-0.43050925571550288,0.84364821351556768
2008-07-01,14.774545546902222,9.4584094390365616,8.025172059179616,-0.33193430605675056,0.74698728207915232,-1.5284931719661414,0.8040755630834624
2008-08-01,13.661056709766694,8.9949547484329344,7.3361604255412016,-1.1134888371355276,-0.46345469060362648,-0.68901163363841344,0.196390238994949
2008-09-01,14.26034679798068,8.527317308075928,7.8618041230284752,0.59929008821398792,-0.4676374403570084,0.52564369748727256,0.27303436016445004
2008-10-01,14.354453359070462,8.744896306538136,7.348806105353064,0.0941065610897804,0.21757899846220852,-0.51299801767541096,0.6460618128435516
2008-11-01,14.366556429707034,9.284431242551784,8.5799013750969408,0.012103070636572206,0.53953493601364808,1.2310952697438778,0.85358757844567168
2008-12-01,12.379022950458666,6.1749302840856536,8.7679218668732976,-1.987533479248368,-3.1095009584661312,0.1880204917763572,0.61994089278387968
2009-01-01,12.589386811808466,4.016639728986556,9.33819787550944,0.210363861349802,-2.1582905550990972,0.57027600863614288,0.69474160229720968
2009-02-01,13.06139781304705,4.225298357721196,8.0131472608662032,0.47201100123858304,0.2086586287346398,-1.3250506146432372,0.26995662624996952
2009-03-01,12.942669073154774,3.8415473951892992,9.4926624292841712,-0.11872873989227714,-0.3837509625318972,1.4795151684179682,0.33247154594493188
2009-04-01,12.02905784731464,5.9375662751229576,11.597830049383408,-0.9136112258401328,2.0960188799336592,2.1051676200992352,0.10998612534508578
2009-05-01,9.2698586347514336,4.672570714702088,12.574274562046372,-2.7591992125632076,-1.2649955604208692,0.97644451266296272,0.66992002469753608
2009-06-01,9.4504916452515072,5.7122224483627992,13.128980882916804,0.18063301050007432,1.0396517336607112,0.55470632087043192,0.12432010673969728
2009-07-01,10.520291455428502,5.3228604816915784,12.719123833698276,1.0697998101769952,-0.38936196667122072,-0.4098570492185276,0.63185404285979848
2009-08-01,11.127645510437554,4.675660700552492,12.957100895727808,0.60735405500905312,-0.64719978113908672,0.23797706202953256,0.6842512977084332
2009-09-01,10.635288408547502,6.3419579220860792,12.40775804163162,-0.49235710189005192,1.6662972215335872,-0.5493428540961892,0.31599164450632312
2009-10-01,11.21585371705099,7.540556004320576,11.222252742734168,0.5805653085034884,1.1985980822344966,-1.1855052988974514,0.1053268631400679
2009-11-01,10.372275408737512,6.8393151667738528,11.59809700341575,-0.8435783083134792,-0.70124083754672408,0.37584426068158272,0.058776154041190408
2009-12-01,9.5531625183276608,7.3378498979991456,11.411717019484648,-0.81911289040985152,0.49853473122529328,-0.18637998393110212,0.1481382817327852
2010-01-01,10.067442181758472,6.7804722711557032,12.08905965012825,0.51427966343081056,-0.55737762684344264,0.6773426306436028,0.68879168568670136
2010-02-01,10.859114127573124,7.341284555049504,11.620347077906734,0.79167194581465296,0.56081228389380104,-0.468712572221516,0.98089635925199904
2010-03-01,10.770687756488842,8.611213579659776,10.971619172487602,-0.088426371084281296,1.2699290246102716,-0.64872790541913264,0.77420391013956832
2010-04-01,10.544374727227684,8.3736636176262064,10.924034595820596,-0.22631302926115776,-0.23754996203356828,-0.047584576667006304,0.65658980111048584
2010-05-01,11.94336091406899,7.8199293221922544,10.794724426917312,1.398986186841305,-0.55373429543395272,-0.12931016890328296,0.3192721438934578
2010-06-01,13.432783288286838,9.7393478952631344,10.69235954310878,1.4894223742178488,1.91941857307088,-0.1023648838085333,0.04899711234464288
2010-07-01,13.107887567027184,10.483122247626414,11.827640774548464,-0.3248957212596542,0.74377435236327808,1.1352812314396834,0.24692583146074808
2010-08-01,11.613046396897568,11.958081286099712,11.08173027641714,-1.4948411701296156,1.474959038473299,-0.74591049813132256,0.30148437991760548
2010-09-01,10.683521164992336,10.161105857223654,11.38866285737318,-0.92952523190523328,-1.7969754288760584,0.30693258095603992,0.78142529125954496
2010-10-01,10.661283550798152,10.775312309338436,12.584514911256836,-0.022237614194184768,0.61420645211478096,1.195852053883655,0.48217617179817896
2010-11-01,8.6748424983965376,11.20166440775742,12.275344642437126,-1.9864410524016124,0.42635209841898488,-0.30917026881970928,0.042125773967407688
2010-12-01,8.3012006281184128,10.518058540035886,12.724517779592598,-0.37364187027812688,-0.68360586772153352,0.44917313715547232,0.7217672775827144
2011-01-01,8.1662323691761968,11.500795679577412,11.613718553568644,-0.13496825894221604,0.98273713954152544,-1.1107992260239554,0.46390323550923496
2011-02-01,6.5501599446888112,11.34330622362652,11.080554984655234,-1.616072424487385,-0.15748945595089048,-0.53316356891341,0.240259701955706
2011-03-01,6.002616756188772,12.09671131234397,11.163545744978058,-0.54754318850003968,0.75340508871745056,0.082990760322824128,0.39824090592384984
2011-04-01,4.961283142515636,12.64433732519205,11.658804803023,-1.041333613673136,0.54762601284807952,0.49525905804494416,0.61401292309373216
2011-05-01,5.184287595138948,11.074072030348082,12.240060148870666,0.2230044526233128,-1.5702652948439668,0.58125534584766544,0.4720449801983444
2011-06-01,5.2062682544131904,12.11612470639069,14.663836648757122,0.02198065927424212,1.0420526760426058,2.4237764998864556,0.8678286642426736
2011-07-01,3.8299685766123376,12.914888922009058,14.715954379316846,-1.376299677800853,0.79876421561836736,0.052117730559724424,0.36975419745563352
2011-08-01,4.5663361659783048,10.971200612950214,15.24477592918213,0.7363675893659672,-1.943688309058842,0.52882154986528328,0.9182432599011472
2011-09-01,4.850564599073364,10.548357667450804,15.353258710485128,0.28422843309505924,-0.42284294549941152,0.10848278130299736,0.2407579595762226
2011-10-01,6.0058552108245512,11.40329167999594,16.17866508978761,1.1552906117511878,0.8549340125451368,0.8254063793024832,0.95222662143372832
2011-11-01,5.7607110672567872,10.920730976658898,15.964517503173052,-0.24514414356776332,-0.48256070333704128,-0.21414758661455792,0.84125668411784352
2011-12-01,5.6859137144254696,11.146083183649922,15.327859196059016,-0.074797352831318064,0.2253522069910218,-0.63665830711403528,0.87804941723904544
2012-01-01,5.5182491460134512,12.355635080669926,14.167124808070878,-0.16766456841201788,1.2095518970200036,-1.1607343879881376,0.66486445960176568
2012-02-01,6.7339772064841752,10.96751651370753,13.658014071778156,1.2157280604707244,-1.3881185669623948,-0.50911073629272328,0.82251578914115408
2012-03-01,5.1214272219567072,10.928565004147724,12.231302938993086,-1.612549984527468,-0.03895150955980484,-1.4267111327850714,0.59543445084283128
2012-04-01,3.3794022274402808,11.012043950570702,13.762321573893258,-1.7420249945164266,0.08347894642297768,1.5310186349001734,0.26608882515366416
2012-05-01,4.1479260090036088,13.056038164315276,15.9232991892993,0.76852378156332784,2.0439942137445732,2.1609776154060424,0.94848552459889344
2012-06-01,5.5144988647200088,13.078419752433434,15.595507268246096,1.3665728557164008,0.02238158811815806,-0.32779192105320228,0.098469878804529728
2012-07-01,4.5223532537217944,12.421302384621728,17.297959700427572,-0.9921456109982144,-0.65711736781170584,1.7024524321814766,0.9972965349859984
2012-08-01,5.3568939639933936,12.361401225763928,16.37525562673235,0.83454071027159952,-0.0599011588577996,-0.92270407369522096,0.4924675239610152
2012-09-01,6.886830623624208,12.070224104114824,16.676433217677488,1.5299366596308138,-0.29117712164910244,0.30117759094513696,0.26213119517019724
2012-10-01,8.4150934816137952,12.39884247817272,16.996011073051246,1.5282628579895872,0.32861837405789392,0.31957785537375884,0.010167769503572232
2012-11-01,8.01842466922316,12.282687954110612,16.810668171125304,-0.3966688123906348,-0.11615452406210802,-0.185342901925943,0.82784161651190928
2012-12-01,7.6515421658528896,11.326785850662892,17.491540132434594,-0.36688250337027104,-0.95590210344771936,0.68087196130929104,0.60810878705485848
2013-01-01,8.4570467339960992,8.729839953370544,16.930764020654152,0.80550456814321024,-2.5969458972923488,-0.56077611178044096,0.5878053967263768
2013-02-01,7.932418565265992,9.2831177213485552,17.464495841409906,-0.52462816873010824,0.55327776797801208,0.53373182075575608,0.5929591436697552
2013-03-01,6.735089568697516,8.0220553109437568,17.313861828163176,-1.1973289965684756,-1.261062410404799,-0.15063401324673098,0.88482789992988992
2013-04-01,5.869762455386624,9.4064439432021664,16.159267659303684,-0.86532711331089216,1.384388632258411,-1.1545941688594932,0.16866092247438114
2013-05-01,6.237148705093132,8.8166187345664624,16.719138478089456,0.36738624970650744,-0.58982520863570408,0.55987081878577304,0.32154766455404848
2013-06-01,5.5806900458266552,7.8247692494345552,16.789610987361186,-0.65645865926647632,-0.991849485131908,0.070472509271729696,0.29731353908837364
2013-07-01,5.379002745077604,6.7051917398523704,16.089626167769588,-0.20168730074905124,-1.1195775095821844,-0.69998481959160016,0.59610280568019312
2013-08-01,5.7478567360714632,8.6607232066542768,16.703745491292956,0.3688539909938592,1.9555314668019068,0.61411932352336872,0.19041121209679292
2013-09-01,6.0268440110599816,8.1351127174667808,16.999923488842568,0.27898727498851896,-0.52561048918749696,0.29617799754961372,0.99610829636793616
2013-10-01,7.2946139067582624,7.7877121442207424,17.538414253929232,1.2677698956982814,-0.34740057324603764,0.5384907650866648,0.50091974353640168
2013-11-01,6.4873771392539304,7.1805765813085824,15.22719825356686,-0.80723676750433264,-0.60713556291216072,-2.3112160003623732,0.60323160755631976
2013-12-01,7.9908478248725744,8.5205185999324048,15.122871376033356,1.5034706856186442,1.3399420186238226,-0.10432687753350452,0.07519418780317832
2014-01-01,7.043137470424652,8.673539690937336,15.565413222112404,-0.94771035444792256,0.15302109100492994,0.44254184607904944,0.81242701568272752
2014-02-01,5.357352601368972,7.419550152625112,14.900802334286254,-1.68578486905568,-1.2539895383122232,-0.66461088782614976,0.89956451910938432
2014-03-01,4.6168528449243184,9.3239653082119632,15.134962068945638,-0.7404997564446536,1.9044151555868508,0.23415973465938424,0.026137073151684788
2014-04-01,5.2992030529488032,8.9393629843987072,16.864635772354494,0.68235020802448384,-0.38460232381325672,1.729673703408854,0.75997424726472016
2014-05-01,4.6718382328421856,9.0880865754094096,17.907999064687274,-0.62736482010661768,0.14872359101070206,1.0433632923327812,0.10387299020337304
2014-06-01,3.8763734313012976,8.3971448677926,17.010633327541382,-0.795464801540888,-0.69094170761680992,-0.8973657371458936,0.88323209309743008
2014-07-01,4.1926232388707304,9.7535174241668656,17.978811260672114,0.31624980756943304,1.3563725563742668,0.96817793313073424,0.47169273635409416
2014-08-01,4.7365877620087504,11.154560913048108,19.368747001811984,0.54396452313801992,1.4010434888812434,1.389935741139869,0.48027243122513896
2014-09-01,5.1254484966825616,11.959378795948648,19.986898467119224,0.3888607346738112,0.80481788290054,0.61815146530724256,0.36613586066154032
2014-10-01,4.8107826384718368,10.749484354639728,20.318842773099212,-0.31466585821072464,-1.2098944413089208,0.3319443059799886,0.65711191950446304
2014-11-01,4.9710583007278152,10.26004031583052,19.982570717123952,0.16027566225597802,-0.4894440388092088,-0.33627205597525972,0.33024633010486348
2014-12-01,5.278309197431596,11.686645029348634,18.829833312783044,0.30725089670378004,1.4266047135181146,-1.1527374043409066,0.44994436431457088
2015-01-01,3.8418101232131176,10.438423327717684,19.210697238184528,-1.4364990742184782,-1.2482217016309492,0.380863925401486,0.36885900524357408
2015-02-01,4.4722588425374,11.65181751487476,19.730800312949108,0.63044871932428224,1.2133941871570746,0.52010307476457776,0.64239532085525128
2015-03-01,4.9928570467644648,12.304774214544944,18.754398273700324,0.52059820422706512,0.65295669967018392,-0.97640203924878272,0.012498357150856788
2015-04-01,4.4102927927923776,12.025291824597292,18.796707634592956,-0.58256425397208712,-0.2794823899476534,0.0423093608926298,0.7278952587912056
2015-05-01,4.4521915805231424,11.045144634790706,18.639273408816584,0.04189878773076504,-0.9801471898065856,-0.15743422577637108,0.87013029289579856
2015-06-01,4.298571398589812,11.024031483008282,19.499915754480348,-0.15362018193333066,-0.021113151782423812,0.86064234566376256,0.86885285398969424
2015-07-01,3.2038781659337668,9.8318699244264128,20.09388218954078,-1.094693232656045,-1.1921615585818696,0.59396643506043512,0.47488817199760744
2015-08-01,3.5041636846813548,9.3695171321431584,20.472321229580236,0.30028551874758808,-0.46235279228325408,0.3784390400394528,0.88915068354181856
2015-09-01,3.8920310339914424,11.068270517606872,20.424712711594792,0.38786734931008784,1.698753385463712,-0.047608517985443088,0.48587469418763552
2015-10-01,3.61123768638362,11.840787079925792,21.481831285768568,-0.280793347607823,0.77251656231891968,1.057118574173775,0.69159550543086936
2015-11-01,2.8232197621376024,12.909528609303254,21.744794763806992,-0.7880179242460176,1.0687415293774634,0.26296347803842536,0.73723163975334784
2015-12-01,1.4232886862038572,11.812911968924226,21.095754567300416,-1.3999310759337452,-1.096616640379029,-0.64904019650657872,0.061579302580595744
2016-01-01,1.6374655574094544,10.33364535819313,21.782515113388536,0.21417687120559708,-1.479266610731097,0.68676054608812112,0.89403333337150224
2016-02-01,1.0633190751880232,11.135571306968268,21.068114569798912,-0.57414648222143104,0.80192594877513984,-0.71440054358962088,0.64852084813599856
2016-03-01,-1.133296743927481,10.507062367208216,22.801526321901808,-2.1966158191155044,-0.62850893976005216,1.7334117521028952,0.50274082967770896
2016-04-01,-1.2644056407196998,11.916398893394482,22.953553543498268,-0.1311088967922188,1.4093365261862676,0.15202722159645846,0.038153848098895216
2016-05-01,-0.58375274539951992,11.801816915772132,22.757380302702912,0.68065289532017984,-0.11458197762235082,-0.19617324079535468,0.008748468274716536
2016-06-01,-0.53926464520896768,11.505983521871482,23.910566093537972,0.044488100190552256,-0.29583339390065044,1.1531857908350614,0.9003114906043736
2016-07-01,-1.222020020983976,12.255747173132338,22.270757959041656,-0.68275537577500824,0.7497636512608568,-1.6398081344963172,0.0060427371407312248
2016-08-01,-1.4668263927987752,12.447711690371152,22.085714244171384,-0.24480637181479932,0.19196451723881376,-0.18504371487027076,0.40480078021000288
2016-09-01,-0.69117953830917432,10.955577187009368,24.216498908266896,0.77564685448960096,-1.492134503361785,2.1307846640955108,0.50357466237346208
2016-10-01,-0.25996241372529188,11.920786244384214,24.708512316418364,0.43121712458388248,0.96520905737484512,0.49201340815146968,0.20015511611341476
2016-11-01,-0.90149645708720832,12.181815151495202,25.503154599332804,-0.64153404336191656,0.26102890711098912,0.79464228291443648,0.40640624322209432
2016-12-01,-0.85429566615485552,11.257177924125294,25.494078357347612,0.047200790932352816,-0.92463722736990768,-0.0090762419851898736,0.92061250496344288
2017-01-01,-1.700569844410248,11.089614129433066,25.356694233973096,-0.84627417825539248,-0.16756379469222774,-0.13738412337451566,0.12221674770581958
2017-02-01,-1.1701193262760538,12.98173730257174,24.463058214048632,0.530450518134194,1.8921231731386724,-0.89363601992446064,0.70106429713277248
2017-03-01,-0.530199358030462,13.19802022797192,25.140182580334572,0.63991996824559184,0.21628292540018128,0.67712436628593656,0.67260712491911192
2017-04-01,-1.634590129349065,13.922036982810162,27.860492714361448,-1.104390771318603,0.72401675483824208,2.7203101340268792,0.52967135718112936
2017-05-01,-1.6737904295671186,14.42187484727346,28.898657028743084,-0.03920030021805364,0.49983786446329608,1.0381643143816368,0.27119351101541044
2017-06-01,-1.277163838302179,15.354806680324402,28.901291067156836,0.39662659126493952,0.93293183305094448,0.0026340384137541784,0.83398036783685232
2017-07-01,-2.3519045230353216,15.959564065705072,28.6803328782279,-1.0747406847331424,0.60475738538066904,-0.22095818892893572,0.54819798923494312
2017-08-01,-1.7032484253287716,16.895000834303068,28.811977333249916,0.64865609770654984,0.93543676859799792,0.13164445502201528,0.15551569645864172
2017-09-01,-0.62226511954603448,17.500827747119314,29.406727975796672,1.0809833057827372,0.6058269128162452,0.59475064254675704,0.97099875527837232
2017-10-01,-0.98971812420875952,17.668842321423632,29.59773706354796,-0.36745300466272504,0.16801457430432002,0.19100908775128484,0.23413002693936092
2017-11-01,0.31167564244788492,16.583342516077704,31.808568731293148,1.3013937666566444,-1.0854998053459282,2.21083166774519,0.1982795123323018
2017-12-01,1.3825382079277792,16.85285330135601,31.397760031844476,1.0708625654798944,0.26951078527830524,-0.41080869944867112,0.94259648716844208
2018-01-01,1.7522012607266952,17.191725707071718,32.393360403669328,0.369663052798916,0.33887240571571004,0.99560037182485168,0.80931656895210336
2018-02-01,2.8585168214609952,16.008201649803472,32.968745250885996,1.1063155607342996,-1.1835240572682482,0.57538484721666736,0.38536445387547544
2018-03-01,2.6539190938345984,15.273192061957946,32.012984068178712,-0.2045977276263968,-0.73500958784552528,-0.9557611827072848,0.11776971689840998
2018-04-01,0.63160415271886808,15.015932753103104,32.560490414165648,-2.0223149411157304,-0.25725930885484192,0.54750634598693784,0.2914786465618442
2018-05-01,1.4415549684105336,14.479510057363414,32.293580876640888,0.80995081569166544,-0.53642269573968992,-0.2669095375247606,0.024334180810179128
2018-06-01,2.7196915182071368,14.27487034628191,34.284232477689144,1.2781365497966032,-0.20463971108150472,1.9906516010482528,0.4420027709513956
2018-07-01,4.7750667115371608,15.979386818001448,34.160784973699856,2.055375193330024,1.7045164717195374,-0.12344750398929142,0.69696915768290024
2018-08-01,6.2819681846909472,15.235666723777646,34.70811526076872,1.5069014731537866,-0.74372009422380192,0.54733028706886432,0.92837043913024624
2018-09-01,6.5614960955638008,15.147604976150704,34.887692591178316,0.27952791087285368,-0.088061747626941712,0.1795773304095915,0.582029938737562
2018-10-01,5.9465136996058712,15.396208057044972,33.477179777983516,-0.61498239595792872,0.24860308089426852,-1.4105128131948012,0.63490005176953576
2018-11-01,7.2929418735774336,14.35152381307252,33.01192366360292,1.3464281739715628,-1.0446842439724532,-0.46525611438059608,0.92178688660426304
2018-12-01,5.7923192482992728,14.859416347840934,34.400056113371044,-1.5006226252781616,0.507892534768414,1.3881324497681242,0.4109184319355876
2019-01-01,5.3676307777324424,13.979371467598996,33.800050391834212,-0.42468847056683064,-0.8800448802419376,-0.60000572153683248,0.30245062085484232
2019-02-01,6.9175400336354352,14.223871329142812,32.04584472396982,1.5499092559029936,0.244499861543816,-1.7542056678643876,0.59925926933315912
2019-03-01,6.813064244492744,14.179483627336482,30.48563376292226,-0.10447578914269134,-0.04438770180632948,-1.5602109610475634,0.2318183353454526
2019-04-01,8.2857577243764192,16.71271584767273,30.60535683080076,1.4726934798836742,2.5332322203362456,0.11972306787849826,0.45960312256702472
2019-05-01,8.2503336824284912,16.779371465146384,30.525425847349468,-0.035424041947926532,0.066655617473654216,-0.079930983451289776,0.080214481063059616
2019-06-01,7.7857924429600272,16.822537083637868,30.60444205856658,-0.46454123946846424,0.043165618491485968,0.07901621121711272,0.51351956056767792
2019-07-01,6.642716140686672,16.717755676759022,29.96776290569382,-1.1430763022733554,-0.10478140687884604,-0.63667915287275952,0.1084314506388846
2019-08-01,5.593662318312896,17.915721404830606,29.91160408847532,-1.0490538223737756,1.1979657280715848,-0.05615881721849968,0.64998524352982808
2019-09-01,5.6687769157412392,16.114631248262686,30.444423089677908,0.075114597428343312,-1.8010901565679196,0.53281900120258808,0.080820310320490752
2019-10-01,6.5140440373031944,16.555276754616812,29.834643240887776,0.8452671215619552,0.44064550635412584,-0.6097798487901316,0.23908069635083628
2019-11-01,8.206651217138104,16.708349492409866,30.12753621406714,1.6926071798349092,0.15307273779305484,0.2928929731793652,0.4778451751609916
2019-12-01,7.4829667528527104,16.96879327023412,29.408928414241756,-0.7236844642853928,0.2604437778242522,-0.718607799825386,0.813108040993404
2020-01-01,7.3962488511212992,16.425889723240128,28.816004019781864,-0.086717901731411568,-0.5429035469939908,-0.59292439445989056,0.23847623148014852
2020-02-01,6.2936914515238168,17.811295470833936,27.702620556775276,-1.1025573995974826,1.3854057475938084,-1.1133834630065886,0.52062730513440816
2020-03-01,4.761878365854156,17.620996395102682,25.042653466828696,-1.5318130856696604,-0.19029907573125532,-2.659967089946578,0.53273439121301888
2020-04-01,4.157213435507052,17.19508414820061,26.953811340431732,-0.60466493034710352,-0.42591224690207288,1.9111578736030332,0.12696503938066228
2020-05-01,5.8316524881513688,16.860237678201706,26.062045893515384,1.6744390526443166,-0.33484646999890316,-0.89176544691634576,0.06669127615935588
2020-06-01,7.6366195564823936,15.993189348955652,23.877931972504516,1.804967068331024,-0.8670483292460552,-2.1841139210108688,0.44823190498766864
2020-07-01,7.6466255602847792,17.044868981771148,22.939104111650436,0.010006003802386988,1.051679632815498,-0.93882786085408048,0.92917159673889312
2020-08-01,8.0618371868051104,16.253704176354744,24.771942401533996,0.41521162652033064,-0.79116480541640448,1.8328382898835564,0.9157293706222032
2020-09-01,10.125413892649198,13.889263331785752,24.76140655520768,2.0635767058440864,-2.3644408445689916,-0.0105358463263116,0.1713159227621277
2020-10-01,9.6103977089585952,15.5639697511285,25.65223311812238,-0.51501618369060184,1.6747064193427484,0.89082656291469808,0.53269755286020736
2020-11-01,9.0489106241180864,13.61580445075045,24.80619103037806,-0.56148708484051,-1.9481653003780492,-0.84604208774431952,0.95850857959391552
2020-12-01,8.546564477626216,13.693182345736208,25.098658387474884,-0.50234614649186968,0.077377894985756304,0.2924673570968248,0.6286676098696056
2021-01-01,7.0193994715746616,13.31096216478265,25.124078597418036,-1.5271650060515536,-0.38222018095355792,0.0254202099431506,0.88599419434277232
2021-02-01,7.6076732823537456,14.439500243082116,25.894757108404932,0.588273810779084,1.1285380782994646,0.77067851098689776,0.67134971572683064
2021-03-01,9.1258701866402368,14.13196476985697,24.57130293528468,1.5181969042864906,-0.3075354732251454,-1.3234541731202508,0.36322200752053392
2021-04-01,8.0485918159401824,13.7567141023728,23.736865493185168,-1.0772783707000538,-0.37525066748416872,-0.83443744209951312,0.11185781343078172
2021-05-01,7.9150120235672768,13.374185081175424,24.050908234387012,-0.13357979237290626,-0.38252902119737688,0.31404274120184376,0.62748847468826672
2021-06-01,7.3847153195342128,13.397980349518642,23.316152129917636,-0.53029670403306408,0.023795268343218236,-0.73475610446937552,0.054590345313372704
2021-07-01,6.2463442184651816,12.776372480418026,23.228230040249032,-1.1383711010690314,-0.6216078691006168,-0.087922089668606784,0.7563883584417288
2021-08-01,6.320755156726176,12.456789677495044,24.927799750521388,0.074410938260994208,-0.31958280292298208,1.6995697102723578,0.31802989540438764
2021-09-01,5.6684016007867592,12.61434360656193,24.42182633960398,-0.6523535559394168,0.1575539290668849,-0.50597341091740752,0.78824591390624608
2021-10-01,7.2473434105345952,13.87017433053699,24.524164950627112,1.5789418097478356,1.2558307239750604,0.10233861102312788,0.18148909320932092
2021-11-01,6.3195766435603,15.05232429379888,24.501652340337476,-0.92776676697429456,1.1821499632618908,-0.022512610289633428,0.54494815257910248
2021-12-01,7.3394310300863248,14.123671979814536,22.91188321181482,1.0198543865260252,-0.92865231398434336,-1.5897691285226546,0.92068474850147216
2022-01-01,8.9982045120895872,13.862941743406908,21.85761708096384,1.6587734820032624,-0.26073023640762912,-1.0542661308509798,0.70567043948343168
2022-02-01,7.968261193338696,11.930286936614386,22.421621464716232,-1.029943318750892,-1.9326548067925216,0.56400438375239048,0.87150953010876432
2022-03-01,9.0136583815067552,11.660884985234072,24.148024017407784,1.045397188168059,-0.26940195138031464,1.7264025526915522,0.22643744268958656
2022-04-01,8.1894064577795984,10.167319427068568,24.36609356369558,-0.82425192372715488,-1.493565558165504,0.21806954628779844,0.62664669942939136
2022-05-01,9.0342050192903568,9.8135680981839088,24.725060875169472,0.84479856151075632,-0.35375132888465932,0.35896731147388932,0.85836167122577328
2022-06-01,9.0592978402219392,10.663260147830288,24.808826000669624,0.025092820931582892,0.84969204964637824,0.08376512550014952,0.19599592446623392
2022-07-01,9.7594902379926576,10.818028420019444,24.057868116496488,0.70019239777071904,0.15476827218915518,-0.75095788417313472,0.049139793200076112
2022-08-01,10.896554487667104,11.068694774482816,24.26344463892878,1.1370642496744468,0.25066635446337284,0.20557652243229372,0.27276272974145656
2022-09-01,11.36704287615811,12.024993447810954,24.292259928798384,0.47048838849100496,0.95629867332813744,0.02881528986960198,0.27136603711102736
2022-10-01,11.219839044707054,13.282199574726836,25.065451332011612,-0.1472038314510555,1.2572061269158822,0.77319140321322816,0.66289752774784568
2022-11-01,10.959314158274622,11.168690465766534,23.508888544711824,-0.26052488643243084,-2.1135091089603,-1.5565627872997898,0.55412635122285984
2022-12-01,11.305378923071042,11.567936163485762,22.429027552690464,0.34606476479642008,0.39924569771922616,-1.0798609920213592,0.70601242040437136
